,Nodo_1,Nodo_2,Nodo_3,Nodo_4,Nodo_5,Nodo_6,Nodo_7,Nodo_8,Nodo_9,Nodo_10,Nodo_11,Nodo_12,Nodo_13,Nodo_14,Nodo_15,Nodo_16,Nodo_17,Nodo_18,Nodo_19,Nodo_20,Nodo_21,Nodo_22,Nodo_23,Nodo_24,Nodo_25,Nodo_26,Nodo_27,Nodo_28,Nodo_29,Nodo_30,Nodo_31,Nodo_32,Nodo_33,Nodo_34,Nodo_35,Nodo_36,Nodo_37,Nodo_38,Nodo_39,Nodo_40,Nodo_41,Nodo_42,Nodo_43,Nodo_44,Nodo_45,Nodo_46,Nodo_47,Nodo_48,Nodo_49,Nodo_50,Nodo_51,Nodo_52,Nodo_53,Nodo_54,Nodo_55,Nodo_56,Nodo_57,Nodo_58,Nodo_59,Nodo_60,Nodo_61,Nodo_62,Nodo_63,Nodo_64,Nodo_65,Nodo_66,Nodo_67,Nodo_68,Nodo_69,Nodo_70,Nodo_71,Nodo_72,Nodo_73,Nodo_74,Nodo_75,Nodo_76,Nodo_77,Nodo_78,Nodo_79,Nodo_80,Nodo_81,Nodo_82,Nodo_83,Nodo_84,Nodo_85,Nodo_86,Nodo_87,Nodo_88,Nodo_89,Nodo_90,Nodo_91,Nodo_92,Nodo_93,Nodo_94,Nodo_95,Nodo_96,Nodo_97,Nodo_98,Nodo_99,Nodo_100
Nodo_1,0,813,453,588,574,496,284,255,116,839,672,496,731,289,844,344,740,716,225,840,887,395,133,449,754,262,179,341,208,486,242,427,268,325,343,128,166,818,502,468,209,524,849,258,664,221,420,403,452,504,552,497,482,505,635,492,152,463,768,932,471,269,294,597,787,559,705,706,414,338,296,743,578,845,329,377,356,764,495,463,441,796,748,726,206,457,353,390,748,247,834,381,721,838,698,754,407,620,383,777
Nodo_2,813,0,626,366,170,609,321,482,284,966,523,533,522,768,467,477,375,206,509,423,647,768,450,162,423,536,384,882,114,423,431,571,400,348,530,376,479,489,356,440,205,478,738,535,479,846,332,356,568,634,602,437,922,432,547,325,78,122,735,583,398,546,903,134,153,480,768,197,486,591,693,425,376,337,466,355,433,365,436,478,307,483,859,228,588,482,552,366,389,297,304,479,387,865,486,668,864,97,647,380
Nodo_3,453,626,0,470,755,860,512,575,667,592,534,190,539,335,819,449,215,343,304,440,814,693,174,592,219,894,263,298,525,675,451,326,165,509,559,585,315,562,241,651,386,353,632,440,654,569,523,506,470,217,368,393,666,352,473,488,458,236,71,831,646,435,712,592,654,396,359,895,52,466,412,546,466,432,405,469,656,431,504,397,689,340,836,149,803,461,865,411,88,629,744,113,596,542,484,533,267,209,537,490
Nodo_4,588,366,470,0,717,282,769,172,331,464,502,182,638,391,628,562,321,431,527,293,794,358,402,550,455,928,519,762,265,570,364,89,218,713,366,729,644,395,378,594,447,407,413,316,556,324,447,745,480,194,485,530,602,257,578,623,542,849,356,130,890,83,222,441,381,499,256,684,443,416,594,819,308,685,222,334,428,397,564,292,404,217,478,936,547,152,698,473,364,871,393,561,571,471,872,747,736,686,620,620
Nodo_5,574,170,755,717,0,267,732,403,314,599,395,747,561,250,680,674,723,143,398,811,405,716,658,547,913,681,763,440,526,695,748,170,193,237,816,174,163,505,435,661,466,727,420,149,423,502,312,575,357,326,532,441,371,603,443,756,854,413,661,657,547,372,545,295,265,577,499,684,716,672,317,326,558,738,535,570,272,387,546,719,795,907,635,344,615,516,626,800,471,384,689,399,156,490,629,483,788,653,737,106
Nodo_6,496,609,860,282,267,0,374,330,277,869,498,323,718,354,440,733,757,331,216,649,258,633,442,296,355,327,450,259,559,223,677,440,592,450,848,301,375,593,674,546,228,152,356,973,406,163,415,372,569,398,69,463,985,344,365,563,500,328,503,287,472,645,399,450,254,411,334,792,648,190,622,436,933,353,672,154,325,335,568,580,586,214,579,683,732,690,567,910,537,435,613,268,301,232,253,44,828,527,148,331
Nodo_7,284,321,512,769,732,374,0,310,917,730,742,493,312,850,564,630,598,452,711,540,778,821,485,374,829,178,741,232,203,624,630,741,473,906,577,660,587,719,401,437,564,365,577,349,516,319,541,562,569,768,275,649,591,646,822,562,510,412,499,598,469,873,176,579,701,656,338,570,647,380,486,695,419,163,527,511,330,805,510,566,618,525,490,406,767,598,289,445,195,591,310,685,497,365,853,400,546,893,869,844
Nodo_8,255,482,575,172,403,330,310,0,390,665,897,521,170,624,212,793,484,746,534,495,932,519,549,254,243,612,865,767,777,784,641,447,562,323,233,400,718,495,848,335,614,260,282,473,599,765,806,580,218,453,410,587,672,901,326,921,362,426,626,458,791,499,582,378,555,943,619,197,447,818,375,283,756,855,792,448,456,491,691,715,418,352,536,497,546,359,597,592,197,200,392,716,98,424,314,917,528,73,749,262
Nodo_9,116,284,667,331,314,277,917,390,0,497,293,331,758,613,617,651,598,687,541,484,387,462,541,406,742,464,741,469,676,800,865,544,553,582,885,840,530,668,604,539,425,324,278,68,515,167,517,708,765,844,574,48,847,754,851,493,757,86,180,686,736,376,338,408,593,506,736,541,328,395,887,258,508,324,371,538,296,512,737,279,465,222,318,734,444,390,349,589,680,156,608,379,390,607,517,935,387,382,255,839
Nodo_10,839,966,592,464,599,869,730,665,497,0,336,286,310,716,158,324,422,370,716,385,73,500,640,502,338,720,181,848,506,598,532,464,258,541,697,508,421,663,333,652,779,759,775,769,208,619,713,313,886,793,555,486,455,186,292,392,550,852,620,165,499,741,763,757,706,504,148,532,471,581,491,524,731,732,703,349,442,161,287,451,437,676,652,78,398,566,631,757,732,366,57,107,483,570,454,669,578,603,532,748
Nodo_11,672,523,534,502,395,498,742,897,293,336,0,764,405,524,276,90,534,694,527,323,413,562,763,303,268,747,630,658,687,637,404,798,547,389,407,481,800,758,751,49,446,393,469,549,751,515,528,396,641,342,443,626,186,523,480,845,520,400,455,176,247,198,616,689,663,356,312,716,880,562,500,640,731,881,365,258,516,624,545,701,779,619,765,218,536,669,514,383,819,389,262,346,455,636,687,857,442,404,597,155
Nodo_12,496,533,190,182,747,323,493,521,331,286,764,0,296,262,752,343,755,487,715,330,810,775,482,896,707,537,351,570,202,531,470,667,636,204,664,444,581,237,684,460,356,102,640,310,508,665,288,499,574,392,224,778,206,426,280,434,507,245,57,480,533,843,677,596,282,306,349,428,647,599,173,370,600,459,364,578,369,784,463,376,582,459,171,756,440,416,484,154,525,306,364,412,724,475,653,46,544,208,791,521
Nodo_13,731,522,539,638,561,718,312,170,758,310,405,296,0,257,550,336,672,382,515,525,351,500,215,354,696,552,157,419,391,617,482,708,937,305,656,471,809,719,390,336,457,757,703,752,531,98,156,169,683,156,596,543,238,361,493,392,879,390,434,805,810,519,654,878,622,670,550,686,541,454,534,548,637,710,476,277,524,559,191,214,126,443,271,624,505,188,368,235,325,803,223,203,795,781,496,555,543,218,687,637
Nodo_14,289,768,335,391,250,354,850,624,613,716,524,262,257,0,445,493,596,325,738,407,497,694,879,482,462,459,863,633,805,562,54,755,470,746,769,835,453,707,775,246,566,394,584,669,542,417,848,585,616,392,424,369,524,380,400,387,858,612,621,541,351,790,403,806,56,373,459,693,391,293,612,398,357,967,603,214,568,632,694,492,590,513,473,511,654,775,647,600,787,218,519,556,429,320,772,235,446,448,217,804
Nodo_15,844,467,819,628,680,440,564,212,617,158,276,752,550,445,0,683,311,728,478,619,266,318,815,299,41,911,368,200,216,668,590,884,735,124,347,436,356,673,669,574,467,386,405,776,387,555,256,435,455,440,346,667,87,469,208,482,223,881,422,332,517,452,899,855,512,164,310,573,812,308,827,460,263,123,652,726,629,532,508,987,818,535,495,859,926,795,540,200,437,635,301,326,414,170,363,538,460,114,534,373
Nodo_16,344,477,449,562,674,733,630,793,651,324,90,343,336,493,683,0,355,756,341,426,833,739,458,473,438,191,66,832,758,405,483,467,138,479,356,848,96,496,94,787,657,658,455,601,469,368,424,336,380,808,580,904,176,145,330,267,303,621,550,702,576,353,657,791,391,699,343,608,326,824,355,329,754,688,809,300,315,138,524,679,336,606,398,320,743,575,469,541,414,475,400,485,101,420,448,48,766,420,339,693
Nodo_17,740,375,215,321,723,757,598,484,598,422,534,755,672,596,311,355,0,760,935,745,829,457,811,751,952,689,855,441,559,648,763,299,556,916,664,421,405,406,801,225,785,728,730,637,76,607,345,506,518,269,376,595,544,828,217,342,520,247,646,195,268,438,764,117,614,166,249,628,442,443,402,687,291,500,682,470,449,186,237,542,470,557,156,637,545,372,341,461,395,490,323,778,438,676,317,746,345,545,580,288
Nodo_18,716,206,343,431,143,331,452,746,687,370,694,487,382,325,728,756,760,0,612,360,663,561,726,520,224,509,842,907,268,713,343,449,494,519,221,564,499,643,184,518,604,800,476,337,383,651,342,25,457,663,534,249,464,576,395,629,198,944,428,150,694,759,612,437,435,580,260,394,138,191,322,407,828,190,710,618,598,763,654,445,632,836,512,284,893,584,685,587,148,531,444,731,354,591,276,299,464,742,186,503
Nodo_19,225,509,304,527,398,216,711,534,541,716,527,715,515,738,478,341,935,612,0,578,787,404,529,167,491,524,916,84,211,205,405,187,481,897,446,203,586,564,598,668,590,464,484,198,481,627,660,750,445,238,189,364,580,922,853,486,847,385,409,624,807,626,753,491,604,602,368,362,507,701,494,229,644,520,511,161,555,235,463,862,430,399,460,684,379,638,505,360,163,554,701,531,664,143,852,407,829,652,730,520
Nodo_20,840,423,440,293,811,649,540,495,484,385,323,330,525,407,619,426,745,360,578,0,651,543,626,511,457,650,628,398,488,577,366,331,481,748,259,254,627,652,945,895,420,687,112,702,756,608,812,615,353,641,330,202,266,242,494,266,542,899,592,631,549,176,792,488,649,585,495,478,810,719,178,351,423,260,692,752,213,422,665,469,875,615,821,784,620,258,264,913,842,594,453,377,423,621,617,491,674,306,175,539
Nodo_21,887,647,814,794,405,258,778,932,387,73,413,810,351,497,266,833,829,663,787,651,0,297,351,248,391,404,244,189,94,401,406,831,711,557,474,896,629,504,207,157,143,511,263,478,435,380,768,579,733,503,350,856,643,691,260,618,445,181,807,542,203,410,35,378,308,631,747,620,375,552,317,660,627,211,614,541,557,467,674,518,217,812,275,123,764,488,477,408,317,287,824,441,432,382,390,624,411,513,112,55
Nodo_22,395,768,693,358,716,633,821,519,462,500,562,775,500,694,318,739,457,561,404,543,297,0,323,654,469,744,419,384,105,264,501,427,807,303,623,582,405,386,671,730,665,217,815,971,587,364,31,145,385,524,371,307,575,522,476,863,577,431,279,781,831,401,502,615,801,286,583,330,186,627,741,648,502,319,368,427,581,412,250,724,560,224,339,703,237,372,188,490,564,302,503,676,597,498,957,535,433,723,350,551
Nodo_23,133,450,174,402,658,442,485,549,541,640,763,482,215,879,815,458,811,726,529,626,351,323,0,923,472,480,225,368,601,706,215,152,350,680,669,437,747,283,758,660,498,426,559,350,194,686,847,444,656,682,473,337,566,540,663,555,393,448,753,432,715,431,853,355,432,516,356,476,595,517,609,405,536,454,558,393,628,635,446,780,523,483,620,276,436,370,658,36,412,183,239,393,816,599,117,205,757,483,177,517
Nodo_24,449,162,592,550,547,296,374,254,406,502,303,896,354,482,299,473,751,520,167,511,248,654,923,0,675,464,770,308,859,676,650,641,747,957,163,337,549,699,313,174,737,778,488,593,281,512,149,585,580,744,168,563,482,822,401,661,174,112,423,506,519,447,601,610,178,498,194,692,522,552,951,691,519,604,457,167,418,569,381,579,825,700,281,300,202,478,673,465,920,577,784,655,161,400,571,696,532,402,622,647
Nodo_25,754,423,219,455,913,355,829,243,742,338,268,707,696,462,41,438,952,224,491,457,391,469,472,675,0,555,115,309,472,542,138,652,427,552,750,631,338,717,91,717,758,700,811,526,433,221,530,812,183,426,493,507,622,389,560,360,470,539,233,457,468,749,790,695,639,653,660,683,709,609,688,536,205,230,579,571,860,901,494,595,468,735,98,512,414,169,347,307,769,490,309,377,247,480,127,430,559,472,438,623
Nodo_26,262,536,894,928,681,327,178,612,464,720,747,537,552,459,911,191,689,509,524,650,404,744,480,464,555,0,414,436,420,263,533,197,190,394,606,451,501,372,403,479,296,614,411,391,546,806,778,509,451,491,394,474,273,601,445,510,350,221,574,524,381,499,557,342,240,771,740,220,630,597,690,323,504,682,618,505,756,709,563,385,457,328,346,375,235,601,141,498,141,593,520,400,491,471,481,105,461,309,478,892
Nodo_27,179,384,263,519,763,450,741,865,741,181,630,351,157,863,368,66,855,842,916,628,244,419,225,770,115,414,0,548,522,618,764,552,330,858,785,681,549,172,618,659,909,329,319,268,618,629,671,844,571,633,325,751,701,821,492,737,624,524,409,853,623,522,574,664,611,957,322,629,588,391,217,421,148,808,363,297,427,636,705,330,601,660,632,771,307,107,484,726,816,788,655,271,589,249,223,587,865,679,667,401
Nodo_28,341,882,298,762,440,259,232,767,469,848,658,570,419,633,200,832,441,907,84,398,189,384,368,308,309,436,548,0,362,889,724,236,223,517,695,857,320,373,255,619,526,940,684,186,544,125,440,275,804,355,454,363,742,528,590,161,491,723,490,607,391,405,193,335,516,140,321,243,485,421,355,391,480,710,802,523,678,441,431,900,337,554,472,455,444,491,491,255,748,652,504,452,542,373,340,721,602,517,425,498
Nodo_29,208,114,525,265,526,559,203,777,676,506,687,202,391,805,216,758,559,268,211,488,94,105,601,859,472,420,522,362,0,677,733,754,476,385,554,568,619,231,445,58,225,742,499,701,507,406,365,504,52,494,500,832,726,151,203,654,432,136,409,574,531,495,543,470,407,582,420,561,178,871,514,54,120,791,662,81,578,330,399,385,607,752,630,941,245,194,216,374,373,459,403,205,98,622,546,438,383,441,314,374
Nodo_30,486,423,675,570,695,223,624,784,800,598,637,531,617,562,668,405,648,713,205,577,401,264,706,676,542,263,618,889,677,0,177,359,470,560,322,564,513,418,736,395,501,339,281,676,705,435,557,766,319,203,511,265,431,525,433,820,574,900,673,175,522,553,684,401,374,747,699,662,638,686,345,272,715,707,291,489,359,301,774,605,661,105,291,529,476,543,366,604,599,646,444,512,333,40,297,450,232,374,457,696
Nodo_31,242,431,451,364,748,677,630,641,865,532,404,470,482,54,590,483,763,343,405,366,406,501,215,650,138,533,764,724,733,177,0,557,121,799,400,331,777,694,264,240,266,382,517,640,263,308,681,396,613,734,788,653,495,322,481,662,600,519,285,254,110,765,876,209,494,372,721,527,516,822,263,294,528,246,361,650,539,666,285,733,145,432,783,553,513,531,103,634,595,789,527,490,107,348,660,532,462,626,849,247
Nodo_32,427,571,326,89,170,440,741,447,544,464,798,667,708,755,884,467,299,449,187,331,831,427,152,641,652,197,552,236,754,359,557,0,636,395,719,552,565,272,448,777,347,909,273,789,567,765,180,533,291,747,873,492,220,797,193,737,760,309,536,459,366,245,275,802,762,756,544,359,707,618,604,512,301,770,801,375,664,640,436,728,488,741,383,544,786,563,633,318,405,507,353,550,489,643,388,427,400,570,749,209
Nodo_33,268,400,165,218,193,592,473,562,553,258,547,636,937,470,735,138,556,494,481,481,711,807,350,747,427,190,330,223,476,470,121,636,0,276,599,630,713,715,222,497,363,479,508,555,318,517,591,508,524,587,474,559,702,814,580,593,320,648,248,821,540,633,395,464,543,594,659,473,545,537,521,460,923,698,437,371,399,886,131,420,205,543,306,409,470,323,635,333,192,352,462,643,712,517,224,444,754,338,441,815
Nodo_34,325,348,509,713,237,450,906,323,582,541,389,204,305,746,124,479,916,519,897,748,557,303,680,957,552,394,858,517,385,560,799,395,276,0,367,222,706,299,404,393,693,394,679,399,550,463,400,388,168,823,626,707,396,691,169,302,593,363,261,259,730,537,621,472,730,491,803,449,354,906,476,369,498,309,437,777,940,371,355,546,722,299,550,466,336,620,280,382,715,473,295,479,471,552,571,62,609,486,878,361
Nodo_35,343,530,559,366,816,848,577,233,885,697,407,664,656,769,347,356,664,221,446,259,474,623,669,163,750,606,785,695,554,322,400,719,599,367,0,478,372,762,346,623,594,425,758,352,521,449,584,441,462,703,241,489,578,192,505,288,822,594,855,527,696,790,510,602,294,368,878,378,428,344,514,333,289,773,248,569,692,707,533,479,751,198,776,342,697,469,736,727,390,880,553,748,784,362,448,614,884,463,744,429
Nodo_36,128,376,585,729,174,301,660,400,840,508,481,444,471,835,436,848,421,564,203,254,896,582,437,337,631,451,681,857,568,564,331,552,630,222,478,0,593,439,746,25,44,447,799,409,628,373,572,287,705,461,810,341,454,256,734,516,715,562,410,590,609,395,905,480,281,472,520,114,387,455,644,545,894,395,520,324,546,316,375,427,555,590,535,356,499,636,323,683,736,615,377,686,633,353,346,440,422,221,138,624
Nodo_37,166,479,315,644,163,375,587,718,530,421,800,581,809,453,356,96,405,499,586,627,629,405,747,549,338,501,549,320,619,513,777,565,713,706,372,593,0,161,111,370,90,366,472,405,582,743,437,491,504,775,36,616,579,463,478,247,757,677,115,431,767,464,627,291,186,942,530,459,317,447,721,192,760,319,284,483,516,631,249,379,667,711,552,768,33,654,442,649,366,348,627,352,152,630,653,375,292,678,471,336
Nodo_38,818,489,562,395,505,593,719,495,668,663,758,237,719,707,673,496,406,643,564,652,504,386,283,699,717,372,172,373,231,418,694,272,715,299,762,439,161,0,700,515,866,535,392,486,413,485,439,829,423,661,811,713,423,573,724,523,529,818,239,360,730,278,747,681,515,683,626,545,743,483,286,647,643,136,383,922,167,854,604,190,846,242,724,675,539,470,513,504,750,477,553,330,844,391,743,504,721,865,672,663
Nodo_39,502,356,241,378,435,674,401,848,604,333,751,684,390,775,669,94,801,184,598,945,207,671,758,313,91,403,618,255,445,736,264,448,222,404,346,746,111,700,0,815,110,150,453,425,366,459,179,516,658,297,343,842,615,971,532,196,273,306,377,652,502,433,496,115,891,477,858,616,495,481,748,478,494,575,552,580,519,645,433,652,643,664,918,509,428,279,209,396,112,473,437,548,834,892,543,617,567,548,300,732
Nodo_40,468,440,651,594,661,546,437,335,539,652,49,460,336,246,574,787,225,518,668,895,157,730,660,174,717,479,659,619,58,395,240,777,497,393,623,25,370,515,815,0,694,659,515,743,211,348,479,394,899,659,549,502,689,408,288,838,303,627,598,605,296,482,376,772,548,523,526,883,759,488,373,599,641,290,606,576,411,655,352,616,395,663,720,654,670,345,229,191,532,153,760,925,16,483,855,280,539,473,680,327
Nodo_41,209,205,386,447,466,228,564,614,425,779,446,356,457,566,467,657,785,604,590,420,143,665,498,737,758,296,909,526,225,501,266,347,363,693,594,44,90,866,110,694,0,233,425,378,829,628,680,713,294,496,361,153,755,446,387,759,349,483,224,701,440,709,406,431,262,132,573,852,176,237,379,447,901,326,558,641,594,245,537,501,246,500,488,480,497,603,280,646,511,348,639,874,560,196,623,128,760,579,249,394
Nodo_42,524,478,353,407,727,152,365,260,324,759,393,102,757,394,386,658,728,800,464,687,511,217,426,778,700,614,329,940,742,339,382,909,479,394,425,447,366,535,150,659,233,0,724,641,139,454,386,431,402,211,430,595,665,536,679,644,156,411,869,673,738,814,655,627,518,336,864,704,249,322,714,540,109,670,422,535,618,52,783,489,510,572,639,402,59,877,478,474,311,600,592,167,303,924,584,228,688,313,510,638
Nodo_43,849,738,632,413,420,356,577,282,278,775,469,640,703,584,405,455,730,476,484,112,263,815,559,488,811,411,319,684,499,281,517,273,508,679,758,799,472,392,453,515,425,724,0,572,786,261,449,712,277,274,662,105,865,400,643,785,550,67,776,66,608,221,848,818,470,353,860,503,431,397,795,494,378,611,568,209,269,217,299,608,666,462,773,563,652,571,794,665,95,605,460,723,761,461,425,213,823,263,375,575
Nodo_44,258,535,440,316,149,973,349,473,68,769,549,310,752,669,776,601,637,337,198,702,478,971,350,593,526,391,268,186,701,676,640,789,555,399,352,409,405,486,425,743,378,641,572,0,552,389,621,687,703,642,335,348,447,232,181,597,455,405,815,776,851,493,594,751,157,658,934,665,877,244,384,903,562,423,511,218,363,535,670,703,719,458,181,240,253,614,249,417,455,468,419,487,275,833,359,534,554,800,889,239
Nodo_45,664,479,654,556,423,406,516,599,515,208,751,508,531,542,387,469,76,383,481,756,435,587,194,281,433,546,618,544,507,705,263,567,318,550,521,628,582,413,366,211,829,139,786,552,0,389,641,728,576,385,731,248,525,422,727,428,576,495,726,590,87,505,575,408,266,403,213,121,370,301,392,269,383,841,657,570,213,683,324,817,640,761,392,733,498,570,515,404,357,387,653,646,457,365,662,638,697,507,508,331
Nodo_46,221,846,569,324,502,163,319,765,167,619,515,665,98,417,555,368,607,651,627,608,380,364,686,512,221,806,629,125,406,435,308,765,517,463,449,373,743,485,459,348,628,454,261,389,389,0,602,649,278,258,514,409,333,255,237,381,439,77,581,245,555,352,719,760,342,620,379,835,326,403,232,520,857,642,789,630,532,587,889,735,807,373,203,616,526,321,669,384,521,230,634,615,528,495,854,372,566,883,486,206
Nodo_47,420,332,523,447,312,415,541,806,517,713,528,288,156,848,256,424,345,342,660,812,768,31,847,149,530,778,671,440,365,557,681,180,591,400,584,572,437,439,179,479,680,386,449,621,641,602,0,634,321,314,489,347,668,69,527,671,544,417,193,42,713,138,456,558,677,723,286,424,619,810,431,246,191,605,390,713,939,487,813,283,457,165,376,689,96,480,336,241,496,197,464,433,495,736,552,749,409,634,625,702
Nodo_48,403,356,506,745,575,372,562,580,708,313,396,499,169,585,435,336,506,25,750,615,579,145,444,585,812,509,844,275,504,766,396,533,508,388,441,287,491,829,516,394,713,431,712,687,728,649,634,0,898,474,466,803,700,813,493,634,139,385,478,409,500,480,773,530,502,494,868,691,85,656,442,893,550,767,162,719,672,646,66,567,337,760,529,370,461,480,710,550,935,164,455,491,209,211,557,543,640,653,836,298
Nodo_49,452,568,470,480,357,569,569,218,765,886,641,574,683,616,455,380,518,457,445,353,733,385,656,580,183,451,571,804,52,319,613,291,524,168,462,705,504,423,658,899,294,402,277,703,576,278,321,898,0,547,397,436,745,417,583,660,393,847,445,820,537,439,523,527,336,432,247,326,499,945,664,576,404,772,301,506,584,802,579,795,856,689,591,673,132,440,461,768,370,807,790,644,557,174,656,804,323,629,571,673
Nodo_50,504,634,217,194,326,398,768,453,844,793,342,392,156,392,440,808,269,663,238,641,503,524,682,744,426,491,633,355,494,203,734,747,587,823,703,461,775,661,297,659,496,211,274,642,385,258,314,474,547,0,581,214,529,489,730,787,455,680,688,366,477,372,862,713,364,420,235,166,373,722,621,181,425,347,153,508,395,765,321,615,882,790,612,819,822,740,558,468,236,316,441,701,684,406,468,540,616,147,656,440
Nodo_51,552,602,368,485,532,69,275,410,574,555,443,224,596,424,346,580,376,534,189,330,350,371,473,168,493,394,325,454,500,511,788,873,474,626,241,810,36,811,343,549,361,430,662,335,731,514,489,466,397,581,0,573,245,642,598,540,487,630,199,649,787,634,495,640,559,712,680,422,251,901,643,445,603,637,602,796,390,894,393,338,241,473,617,310,290,665,306,878,414,314,649,487,274,391,53,452,541,442,268,363
Nodo_52,497,437,393,530,441,463,649,587,48,486,626,778,543,369,667,904,595,249,364,202,856,307,337,563,507,474,751,363,832,265,653,492,559,707,489,341,616,713,842,502,153,595,105,348,248,409,347,803,436,214,573,0,578,335,473,622,533,435,779,174,593,558,84,781,183,568,724,714,356,587,434,604,537,264,388,320,559,278,804,399,656,376,656,524,774,475,545,686,541,500,179,329,463,401,443,204,208,930,467,413
Nodo_53,482,922,666,602,371,985,591,672,847,455,186,206,238,524,87,176,544,464,580,266,643,575,566,482,622,273,701,742,726,431,495,220,702,396,578,454,579,423,615,689,755,665,865,447,525,333,668,700,745,529,245,578,0,356,184,843,822,414,341,444,510,442,348,357,348,579,684,176,545,631,68,372,502,592,354,819,383,440,208,499,495,711,479,551,943,573,484,156,281,620,717,202,375,812,215,810,490,657,169,316
Nodo_54,505,432,352,257,603,344,646,901,754,186,523,426,361,380,469,145,828,576,922,242,691,522,540,822,389,601,821,528,151,525,322,797,814,691,192,256,463,573,971,408,446,536,400,232,422,255,69,813,417,489,642,335,356,0,710,377,532,398,402,604,330,416,718,888,565,482,681,172,521,542,883,539,556,508,535,105,425,283,548,541,218,430,412,529,622,443,857,594,446,674,294,371,721,609,599,307,872,441,432,518
Nodo_55,635,547,473,578,443,365,822,326,851,292,480,280,493,400,208,330,217,395,853,494,260,476,663,401,560,445,492,590,203,433,481,193,580,169,505,734,478,724,532,288,387,679,643,181,727,237,527,493,583,730,598,473,184,710,0,734,388,640,682,629,173,369,498,589,424,530,875,288,539,624,399,471,896,546,496,55,595,587,416,645,288,874,607,239,419,510,216,545,337,411,403,436,806,687,528,344,385,651,523,384
Nodo_56,492,325,488,623,756,563,562,921,493,392,845,434,392,387,482,267,342,629,486,266,618,863,555,661,360,510,737,161,654,820,662,737,593,302,288,516,247,523,196,838,759,644,785,597,428,381,671,634,660,787,540,622,843,377,734,0,486,823,249,834,568,585,878,508,627,244,227,544,558,790,607,345,343,226,835,139,318,527,602,542,99,825,507,795,811,545,753,440,518,763,366,658,456,351,557,422,391,523,267,804
Nodo_57,152,78,458,542,854,500,510,362,757,550,520,507,879,858,223,303,520,198,847,542,445,577,393,174,470,350,624,491,432,574,600,760,320,593,822,715,757,529,273,303,349,156,550,455,576,439,544,139,393,455,487,533,822,532,388,486,0,502,485,604,387,503,436,503,903,509,515,433,235,398,465,473,489,356,701,503,314,604,417,559,658,599,830,278,360,165,556,447,253,777,944,373,590,488,182,642,842,689,635,719
Nodo_58,463,122,236,849,413,328,412,426,86,852,400,245,390,612,881,621,247,944,385,899,181,431,448,112,539,221,524,723,136,900,519,309,648,363,594,562,677,818,306,627,483,411,67,405,495,77,417,385,847,680,630,435,414,398,640,823,502,0,412,511,358,523,299,807,717,506,499,109,119,499,166,856,475,850,213,516,384,422,483,350,197,398,681,849,111,195,89,624,325,332,291,508,101,348,474,696,240,404,748,208
Nodo_59,768,735,71,356,661,503,499,626,180,620,455,57,434,621,422,550,646,428,409,592,807,279,753,423,233,574,409,490,409,673,285,536,248,261,855,410,115,239,377,598,224,869,776,815,726,581,193,478,445,688,199,779,341,402,682,249,485,412,0,515,635,613,495,702,521,455,192,243,335,725,687,498,873,480,814,503,478,581,627,467,701,797,317,118,340,332,756,383,275,317,460,459,169,498,689,800,607,715,635,309
Nodo_60,932,583,831,130,657,287,598,458,686,165,176,480,805,541,332,702,195,150,624,631,542,781,432,506,457,524,853,607,574,175,254,459,821,259,527,590,431,360,652,605,701,673,66,776,590,245,42,409,820,366,649,174,444,604,629,834,604,511,515,0,378,416,527,323,233,371,335,321,409,513,448,138,353,493,337,648,348,435,76,158,328,532,569,372,449,287,175,747,422,598,526,656,461,395,711,807,762,412,755,721
Nodo_61,471,398,646,890,547,472,469,791,736,499,247,533,810,351,517,576,268,694,807,549,203,831,715,519,468,381,623,391,531,522,110,366,540,730,696,609,767,730,502,296,440,738,608,851,87,555,713,500,537,477,787,593,510,330,173,568,387,358,635,378,0,553,593,321,334,501,274,276,120,533,667,638,516,355,378,565,744,302,152,242,789,627,746,445,712,699,820,680,394,347,809,739,311,812,645,488,496,532,721,717
Nodo_62,269,546,435,83,372,645,873,499,376,741,198,843,519,790,452,353,438,759,626,176,410,401,431,447,749,499,522,405,495,553,765,245,633,537,790,395,464,278,433,482,709,814,221,493,505,352,138,480,439,372,634,558,442,416,369,585,503,523,613,416,553,0,74,435,270,729,541,623,427,429,361,398,580,261,703,644,552,514,646,384,112,395,863,130,820,654,55,700,726,331,761,923,344,806,375,165,250,233,729,373
Nodo_63,294,903,712,222,545,399,176,582,338,763,616,677,654,403,899,657,764,612,753,792,35,502,853,601,790,557,574,193,543,684,876,275,395,621,510,905,627,747,496,376,406,655,848,594,575,719,456,773,523,862,495,84,348,718,498,878,436,299,495,527,593,74,0,94,226,510,677,476,233,540,116,604,541,426,491,241,487,856,264,283,578,977,741,652,419,970,478,377,851,774,274,698,782,764,153,640,354,800,56,368
Nodo_64,597,134,592,441,295,450,579,378,408,757,689,596,878,806,855,791,117,437,491,488,378,615,355,610,695,342,664,335,470,401,209,802,464,472,602,480,291,681,115,772,431,627,818,751,408,760,558,530,527,713,640,781,357,888,589,508,503,807,702,323,321,435,94,0,730,379,949,335,619,625,364,618,567,561,448,838,540,54,497,246,799,182,682,503,284,310,432,431,812,702,446,324,583,532,822,451,329,319,704,468
Nodo_65,787,153,654,381,265,254,701,555,593,706,663,282,622,56,512,391,614,435,604,649,308,801,432,178,639,240,611,516,407,374,494,762,543,730,294,281,186,515,891,548,262,518,470,157,266,342,677,502,336,364,559,183,348,565,424,627,903,717,521,233,334,270,226,730,0,476,264,697,503,486,452,749,283,457,400,158,219,268,601,749,24,762,400,358,543,655,460,596,614,371,540,685,154,508,700,609,422,431,767,157
Nodo_66,559,480,396,499,577,411,656,943,506,504,356,306,670,373,164,699,166,580,602,585,631,286,516,498,653,771,957,140,582,747,372,756,594,491,368,472,942,683,477,523,132,336,353,658,403,620,723,494,432,420,712,568,579,482,530,244,509,506,455,371,501,729,510,379,476,0,496,546,366,600,427,274,277,53,846,199,875,463,528,405,332,293,585,605,360,254,717,476,491,913,488,559,433,862,101,391,695,562,434,558
Nodo_67,705,768,359,256,499,334,338,619,736,148,312,349,550,459,310,343,249,260,368,495,747,583,356,194,660,740,322,321,420,699,721,544,659,803,878,520,530,626,858,526,573,864,860,934,213,379,286,868,247,235,680,724,684,681,875,227,515,499,192,335,274,541,677,949,264,496,0,619,432,634,705,516,601,383,311,554,724,696,356,223,471,412,897,406,145,469,231,290,438,655,337,582,354,370,357,770,504,278,552,776
Nodo_68,706,197,895,684,684,792,570,197,541,532,716,428,686,693,573,608,628,394,362,478,620,330,476,692,683,220,629,243,561,662,527,359,473,449,378,114,459,545,616,883,852,704,503,665,121,835,424,691,326,166,422,714,176,172,288,544,433,109,243,321,276,623,476,335,697,546,619,0,85,712,680,853,315,385,440,468,339,297,669,320,712,466,634,464,762,642,575,573,422,489,154,513,421,309,278,682,755,160,457,442
Nodo_69,414,486,52,443,716,648,647,447,328,471,880,647,541,391,812,326,442,138,507,810,375,186,595,522,709,630,588,485,178,638,516,707,545,354,428,387,317,743,495,759,176,249,431,877,370,326,619,85,499,373,251,356,545,521,539,558,235,119,335,409,120,427,233,619,503,366,432,85,0,747,445,676,515,498,673,499,360,487,148,744,264,267,520,117,775,611,594,610,287,251,600,334,832,494,384,385,862,603,943,741
Nodo_70,338,591,466,416,672,190,380,818,395,581,562,599,454,293,308,824,443,191,701,719,552,627,517,552,609,597,391,421,871,686,822,618,537,906,344,455,447,483,481,488,237,322,397,244,301,403,810,656,945,722,901,587,631,542,624,790,398,499,725,513,533,429,540,625,486,600,634,712,747,0,742,578,171,645,921,372,140,191,558,240,476,758,142,540,575,312,612,178,672,462,200,472,741,313,844,554,916,543,326,253
Nodo_71,296,693,412,594,317,622,486,375,887,491,500,173,534,612,827,355,402,322,494,178,317,741,609,951,688,690,217,355,514,345,263,604,521,476,514,644,721,286,748,373,379,714,795,384,392,232,431,442,664,621,643,434,68,883,399,607,465,166,687,448,667,361,116,364,452,427,705,680,445,742,0,109,431,329,447,668,756,797,498,781,479,549,204,499,387,843,536,536,424,808,576,659,541,774,480,449,763,949,726,66
Nodo_72,743,425,546,819,326,436,695,283,258,524,640,370,548,398,460,329,687,407,229,351,660,648,405,691,536,323,421,391,54,272,294,512,460,369,333,545,192,647,478,599,447,540,494,903,269,520,246,893,576,181,445,604,372,539,471,345,473,856,498,138,638,398,604,618,749,274,516,853,676,578,109,0,405,636,703,475,528,589,137,314,763,233,482,299,850,529,552,617,442,451,532,424,674,246,680,421,326,422,748,767
Nodo_73,578,376,466,308,558,933,419,756,508,731,731,600,637,357,263,754,291,828,644,423,627,502,536,519,205,504,148,480,120,715,528,301,923,498,289,894,760,643,494,641,901,109,378,562,383,857,191,550,404,425,603,537,502,556,896,343,489,475,873,353,516,580,541,567,283,277,601,315,515,171,431,405,0,362,507,684,888,332,812,334,245,476,387,225,452,240,300,667,625,461,635,652,475,491,436,425,610,629,493,889
Nodo_74,845,337,432,685,738,353,163,855,324,732,881,459,710,967,123,688,500,190,520,260,211,319,454,604,230,682,808,710,791,707,246,770,698,309,773,395,319,136,575,290,326,670,611,423,841,642,605,767,772,347,637,264,592,508,546,226,356,850,480,493,355,261,426,561,457,53,383,385,498,645,329,636,362,0,538,405,901,51,725,523,462,841,493,919,233,256,539,623,115,434,338,594,410,397,370,499,728,377,540,760
Nodo_75,329,466,405,222,535,672,527,792,371,703,365,364,476,603,652,809,682,710,511,692,614,368,558,457,579,618,363,802,662,291,361,801,437,437,248,520,284,383,552,606,558,422,568,511,657,789,390,162,301,153,602,388,354,535,496,835,701,213,814,337,378,703,491,448,400,846,311,440,673,921,447,703,507,538,0,661,647,522,718,238,470,302,335,100,380,470,633,589,878,814,864,462,673,478,403,356,482,793,777,786
Nodo_76,377,355,469,334,570,154,511,448,538,349,258,578,277,214,726,300,470,618,161,752,541,427,393,167,571,505,297,523,81,489,650,375,371,777,569,324,483,922,580,576,641,535,209,218,570,630,713,719,506,508,796,320,819,105,55,139,503,516,503,648,565,644,241,838,158,199,554,468,499,372,668,475,684,405,661,0,385,609,413,416,746,654,859,424,534,168,285,468,420,552,340,291,405,484,937,470,650,504,633,438
Nodo_77,356,433,656,428,272,325,330,456,296,442,516,369,524,568,629,315,449,598,555,213,557,581,628,418,860,756,427,678,578,359,539,664,399,940,692,546,516,167,519,411,594,618,269,363,213,532,939,672,584,395,390,559,383,425,595,318,314,384,478,348,744,552,487,540,219,875,724,339,360,140,756,528,888,901,647,385,0,654,649,692,114,324,751,754,298,463,486,418,438,751,404,885,661,765,148,556,337,517,371,464
Nodo_78,764,365,431,397,387,335,805,491,512,161,624,784,559,632,532,138,186,763,235,422,467,412,635,569,901,709,636,441,330,301,666,640,886,371,707,316,631,854,645,655,245,52,217,535,683,587,487,646,802,765,894,278,440,283,587,527,604,422,581,435,302,514,856,54,268,463,696,297,487,191,797,589,332,51,522,609,654,0,388,571,340,445,414,829,434,435,846,679,549,688,558,369,456,134,624,315,389,400,267,534
Nodo_79,495,436,504,564,546,568,510,691,737,287,545,463,191,694,508,524,237,654,463,665,674,250,446,381,494,563,705,431,399,774,285,436,131,355,533,375,249,604,433,352,537,783,299,670,324,889,813,66,579,321,393,804,208,548,416,602,417,483,627,76,152,646,264,497,601,528,356,669,148,558,498,137,812,725,718,413,649,388,0,684,281,587,612,329,656,706,768,515,391,460,548,538,905,471,704,528,465,675,648,378
Nodo_80,463,478,397,292,719,580,566,715,279,451,701,376,214,492,987,679,542,445,862,469,518,724,780,579,595,385,330,900,385,605,733,728,420,546,479,427,379,190,652,616,501,489,608,703,817,735,283,567,795,615,338,399,499,541,645,542,559,350,467,158,242,384,283,246,749,405,223,320,744,240,781,314,334,523,238,416,692,571,684,0,305,553,292,608,850,318,304,754,516,768,378,798,779,687,520,408,388,869,580,410
Nodo_81,441,307,689,404,795,586,618,418,465,437,779,582,126,590,818,336,470,632,430,875,217,560,523,825,468,457,601,337,607,661,145,488,205,722,751,555,667,846,643,395,246,510,666,719,640,807,457,337,856,882,241,656,495,218,288,99,658,197,701,328,789,112,578,799,24,332,471,712,264,476,479,763,245,462,470,746,114,340,281,305,0,473,355,436,142,158,791,161,120,770,685,307,205,782,430,639,223,443,465,773
Nodo_82,796,483,340,217,907,214,525,352,222,676,619,459,443,513,535,606,557,836,399,615,812,224,483,700,735,328,660,554,752,105,432,741,543,299,198,590,711,242,664,663,500,572,462,458,761,373,165,760,689,790,473,376,711,430,874,825,599,398,797,532,627,395,977,182,762,293,412,466,267,758,549,233,476,841,302,654,324,445,587,553,473,0,446,798,524,835,604,239,712,416,580,605,728,251,591,739,529,639,299,326
Nodo_83,748,859,836,478,635,579,490,536,318,652,765,171,271,473,495,398,156,512,460,821,275,339,620,281,98,346,632,472,630,291,783,383,306,550,776,535,552,724,918,720,488,639,773,181,392,203,376,529,591,612,617,656,479,412,607,507,830,681,317,569,746,863,741,682,400,585,897,634,520,142,204,482,387,493,335,859,751,414,612,292,355,446,0,143,744,715,248,378,691,589,533,796,169,497,734,440,402,128,549,928
Nodo_84,726,228,149,936,344,683,406,497,734,78,218,756,624,511,859,320,637,284,684,784,123,703,276,300,512,375,771,455,941,529,553,544,409,466,342,356,768,675,509,654,480,402,563,240,733,616,689,370,673,819,310,524,551,529,239,795,278,849,118,372,445,130,652,503,358,605,406,464,117,540,499,299,225,919,100,424,754,829,329,608,436,798,143,0,467,711,873,136,643,215,559,864,102,493,853,399,721,631,337,626
Nodo_85,206,588,803,547,615,732,767,546,444,398,536,440,505,654,926,743,545,893,379,620,764,237,436,202,414,235,307,444,245,476,513,786,470,336,697,499,33,539,428,670,497,59,652,253,498,526,96,461,132,822,290,774,943,622,419,811,360,111,340,449,712,820,419,284,543,360,145,762,775,575,387,850,452,233,380,534,298,434,656,850,142,524,744,467,0,707,653,460,714,499,594,252,620,870,451,694,373,762,265,454
Nodo_86,457,482,461,152,516,690,598,359,390,566,669,416,188,775,795,575,372,584,638,258,488,372,370,478,169,601,107,491,194,543,531,563,323,620,469,636,654,470,279,345,603,877,571,614,570,321,480,480,440,740,665,475,573,443,510,545,165,195,332,287,699,654,970,310,655,254,469,642,611,312,843,529,240,256,470,168,463,435,706,318,158,835,715,711,707,0,604,711,481,443,657,676,676,730,321,168,315,752,818,295
Nodo_87,353,552,865,698,626,567,289,597,349,631,514,484,368,647,540,469,341,685,505,264,477,188,658,673,347,141,484,491,216,366,103,633,635,280,736,323,442,513,209,229,280,478,794,249,515,669,336,710,461,558,306,545,484,857,216,753,556,89,756,175,820,55,478,432,460,717,231,575,594,612,536,552,300,539,633,285,486,846,768,304,791,604,248,873,653,604,0,618,459,462,437,494,726,722,334,128,523,514,313,393
Nodo_88,390,366,411,473,800,910,445,592,589,757,383,154,235,600,200,541,461,587,360,913,408,490,36,465,307,498,726,255,374,604,634,318,333,382,727,683,649,504,396,191,646,474,665,417,404,384,241,550,768,468,878,686,156,594,545,440,447,624,383,747,680,700,377,431,596,476,290,573,610,178,536,617,667,623,589,468,418,679,515,754,161,239,378,136,460,711,618,0,475,506,428,308,546,49,783,590,821,295,359,635
Nodo_89,748,389,88,364,471,537,195,197,680,732,819,525,325,787,437,414,395,148,163,842,317,564,412,920,769,141,816,748,373,599,595,405,192,715,390,736,366,750,112,532,511,311,95,455,357,521,496,935,370,236,414,541,281,446,337,518,253,325,275,422,394,726,851,812,614,491,438,422,287,672,424,442,625,115,878,420,438,549,391,516,120,712,691,643,714,481,459,475,0,171,839,163,762,618,714,576,433,97,248,764
Nodo_90,247,297,629,871,384,435,591,200,156,366,389,306,803,218,635,475,490,531,554,594,287,302,183,577,490,593,788,652,459,646,789,507,352,473,880,615,348,477,473,153,348,600,605,468,387,230,197,164,807,316,314,500,620,674,411,763,777,332,317,598,347,331,774,702,371,913,655,489,251,462,808,451,461,434,814,552,751,688,460,768,770,416,589,215,499,443,462,506,171,0,488,391,355,364,558,530,548,622,487,526
Nodo_91,834,304,744,393,689,613,310,392,608,57,262,364,223,519,301,400,323,444,701,453,824,503,239,784,309,520,655,504,403,444,527,353,462,295,553,377,627,553,437,760,639,592,460,419,653,634,464,455,790,441,649,179,717,294,403,366,944,291,460,526,809,761,274,446,540,488,337,154,600,200,576,532,635,338,864,340,404,558,548,378,685,580,533,559,594,657,437,428,839,488,0,638,558,478,949,544,188,386,291,728
Nodo_92,381,479,113,561,399,268,685,716,379,107,346,412,203,556,326,485,778,731,531,377,441,676,393,655,377,400,271,452,205,512,490,550,643,479,748,686,352,330,548,925,874,167,723,487,646,615,433,491,644,701,487,329,202,371,436,658,373,508,459,656,739,923,698,324,685,559,582,513,334,472,659,424,652,594,462,291,885,369,538,798,307,605,796,864,252,676,494,308,163,391,638,0,363,320,701,498,254,765,631,334
Nodo_93,721,387,596,571,156,301,497,98,390,483,455,724,795,429,414,101,438,354,664,423,432,597,816,161,247,491,589,542,98,333,107,489,712,471,784,633,152,844,834,16,560,303,761,275,457,528,495,209,557,684,274,463,375,721,806,456,590,101,169,461,311,344,782,583,154,433,354,421,832,741,541,674,475,410,673,405,661,456,905,779,205,728,169,102,620,676,726,546,762,355,558,363,0,873,123,134,591,247,367,795
Nodo_94,838,865,542,471,490,232,365,424,607,570,636,475,781,320,170,420,676,591,143,621,382,498,599,400,480,471,249,373,622,40,348,643,517,552,362,353,630,391,892,483,196,924,461,833,365,495,736,211,174,406,391,401,812,609,687,351,488,348,498,395,812,806,764,532,508,862,370,309,494,313,774,246,491,397,478,484,765,134,471,687,782,251,497,493,870,730,722,49,618,364,478,320,873,0,369,490,476,673,498,194
Nodo_95,698,486,484,872,629,253,853,314,517,454,687,653,496,772,363,448,317,276,852,617,390,957,117,571,127,481,223,340,546,297,660,388,224,571,448,346,653,743,543,855,623,584,425,359,662,854,552,557,656,468,53,443,215,599,528,557,182,474,689,711,645,375,153,822,700,101,357,278,384,844,480,680,436,370,403,937,148,624,704,520,430,591,734,853,451,321,334,783,714,558,949,701,123,369,0,842,872,542,577,80
Nodo_96,754,668,533,747,483,44,400,917,935,669,857,46,555,235,538,48,746,299,407,491,624,535,205,696,430,105,587,721,438,450,532,427,444,62,614,440,375,504,617,280,128,228,213,534,638,372,749,543,804,540,452,204,810,307,344,422,642,696,800,807,488,165,640,451,609,391,770,682,385,554,449,421,425,499,356,470,556,315,528,408,639,739,440,399,694,168,128,590,576,530,544,498,134,490,842,0,346,513,288,176
Nodo_97,407,864,267,736,788,828,546,528,387,578,442,544,543,446,460,766,345,464,829,674,411,433,757,532,559,461,865,602,383,232,462,400,754,609,884,422,292,721,567,539,760,688,823,554,697,566,409,640,323,616,541,208,490,872,385,391,842,240,607,762,496,250,354,329,422,695,504,755,862,916,763,326,610,728,482,650,337,389,465,388,223,529,402,721,373,315,523,821,433,548,188,254,591,476,872,346,0,566,467,250
Nodo_98,620,97,209,686,653,527,893,73,382,603,404,208,218,448,114,420,545,742,652,306,513,723,483,402,472,309,679,517,441,374,626,570,338,486,463,221,678,865,548,473,579,313,263,800,507,883,634,653,629,147,442,930,657,441,651,523,689,404,715,412,532,233,800,319,431,562,278,160,603,543,949,422,629,377,793,504,517,400,675,869,443,639,128,631,762,752,514,295,97,622,386,765,247,673,542,513,566,0,534,625
Nodo_99,383,647,537,620,737,148,869,749,255,532,597,791,687,217,534,339,580,186,730,175,112,350,177,622,438,478,667,425,314,457,849,749,441,878,744,138,471,672,300,680,249,510,375,889,508,486,625,836,571,656,268,467,169,432,523,267,635,748,635,755,721,729,56,704,767,434,552,457,943,326,726,748,493,540,777,633,371,267,648,580,465,299,549,337,265,818,313,359,248,487,291,631,367,498,577,288,467,534,0,407
Nodo_100,777,380,490,620,106,331,844,262,839,748,155,521,637,804,373,693,288,503,520,539,55,551,517,647,623,892,401,498,374,696,247,209,815,361,429,624,336,663,732,327,394,638,575,239,331,206,702,298,673,440,363,413,316,518,384,804,719,208,309,721,717,373,368,468,157,558,776,442,741,253,66,767,889,760,786,438,464,534,378,410,773,326,928,626,454,295,393,635,764,526,728,334,795,194,80,176,250,625,407,0
